"id","skill","employed","wage"
1,"high",TRUE,53.2
2,"high",TRUE,53.2
3,"high",TRUE,53.2
4,"high",TRUE,53.2
5,"high",TRUE,53.2
6,"high",TRUE,53.2
7,"low",TRUE,15.4
8,"high",TRUE,53.2
9,"high",TRUE,53.2
10,"high",TRUE,53.2
11,"high",TRUE,53.2
12,"high",TRUE,53.2
13,"high",TRUE,53.2
14,"high",TRUE,53.2
15,"high",TRUE,53.2
16,"high",TRUE,53.2
17,"high",TRUE,53.2
18,"high",TRUE,53.2
19,"high",TRUE,53.2
20,"high",FALSE,0
21,"high",TRUE,53.2
22,"high",TRUE,53.2
23,"high",TRUE,53.2
24,"high",TRUE,53.2
25,"high",TRUE,53.2
26,"high",TRUE,53.2
27,"high",TRUE,53.2
28,"high",TRUE,53.2
29,"high",TRUE,53.2
30,"high",TRUE,53.2
31,"high",TRUE,53.2
32,"high",TRUE,53.2
33,"high",TRUE,53.2
34,"low",TRUE,15.4
35,"high",TRUE,53.2
36,"high",TRUE,53.2
37,"high",TRUE,53.2
38,"high",TRUE,53.2
39,"high",TRUE,53.2
40,"high",TRUE,53.2
41,"high",TRUE,53.2
42,"high",TRUE,53.2
43,"high",TRUE,53.2
44,"high",TRUE,53.2
45,"high",TRUE,53.2
46,"high",TRUE,53.2
47,"high",TRUE,53.2
48,"high",TRUE,53.2
49,"high",TRUE,53.2
50,"high",TRUE,53.2
51,"high",TRUE,53.2
52,"high",TRUE,53.2
53,"low",TRUE,15.4
54,"high",TRUE,53.2
55,"high",TRUE,53.2
56,"high",TRUE,53.2
57,"high",TRUE,53.2
58,"high",FALSE,0
59,"high",TRUE,53.2
60,"high",TRUE,53.2
61,"high",TRUE,53.2
62,"high",TRUE,53.2
63,"high",TRUE,53.2
64,"high",TRUE,53.2
65,"high",TRUE,53.2
66,"high",TRUE,53.2
67,"high",TRUE,53.2
68,"high",TRUE,53.2
69,"high",TRUE,53.2
70,"high",TRUE,53.2
71,"high",TRUE,53.2
72,"high",FALSE,0
73,"high",TRUE,53.2
74,"high",TRUE,53.2
75,"high",TRUE,53.2
76,"high",TRUE,53.2
77,"high",TRUE,53.2
78,"high",TRUE,53.2
79,"high",TRUE,53.2
80,"high",TRUE,53.2
81,"high",TRUE,53.2
82,"high",TRUE,53.2
83,"high",TRUE,53.2
84,"high",TRUE,53.2
85,"high",TRUE,53.2
86,"high",TRUE,53.2
87,"high",TRUE,53.2
88,"high",TRUE,53.2
89,"high",TRUE,53.2
90,"high",FALSE,0
91,"high",TRUE,53.2
92,"high",TRUE,53.2
93,"high",TRUE,53.2
94,"high",TRUE,53.2
95,"high",TRUE,53.2
96,"high",TRUE,53.2
97,"high",TRUE,53.2
98,"low",FALSE,0
99,"high",TRUE,53.2
100,"high",TRUE,53.2
101,"high",TRUE,53.2
102,"high",TRUE,53.2
103,"high",TRUE,53.2
104,"low",TRUE,15.4
105,"high",TRUE,53.2
106,"high",TRUE,53.2
107,"high",TRUE,53.2
108,"low",FALSE,0
109,"low",FALSE,0
110,"high",TRUE,53.2
111,"high",TRUE,53.2
112,"high",TRUE,53.2
113,"high",TRUE,53.2
114,"high",TRUE,53.2
115,"low",FALSE,0
116,"high",TRUE,53.2
117,"high",TRUE,53.2
118,"high",TRUE,53.2
119,"high",TRUE,53.2
120,"high",TRUE,53.2
121,"high",TRUE,53.2
122,"low",TRUE,15.4
123,"high",TRUE,53.2
124,"high",TRUE,53.2
125,"high",TRUE,53.2
126,"high",TRUE,53.2
127,"high",TRUE,53.2
128,"high",TRUE,53.2
129,"high",TRUE,53.2
130,"high",TRUE,53.2
131,"high",TRUE,53.2
132,"high",TRUE,53.2
133,"high",TRUE,53.2
134,"high",TRUE,53.2
135,"high",TRUE,53.2
136,"high",TRUE,53.2
137,"high",TRUE,53.2
138,"high",TRUE,53.2
139,"high",FALSE,0
140,"high",TRUE,53.2
141,"high",TRUE,53.2
142,"high",TRUE,53.2
143,"high",TRUE,53.2
144,"high",TRUE,53.2
145,"high",TRUE,53.2
146,"high",TRUE,53.2
147,"high",TRUE,53.2
148,"high",TRUE,53.2
149,"high",TRUE,53.2
150,"high",TRUE,53.2
151,"high",TRUE,53.2
152,"high",TRUE,53.2
153,"high",TRUE,53.2
154,"high",TRUE,53.2
155,"high",TRUE,53.2
156,"high",TRUE,53.2
157,"high",TRUE,53.2
158,"high",TRUE,53.2
159,"high",TRUE,53.2
160,"high",TRUE,53.2
161,"high",TRUE,53.2
162,"high",TRUE,53.2
163,"low",FALSE,0
164,"high",TRUE,53.2
165,"high",TRUE,53.2
166,"high",TRUE,53.2
167,"high",TRUE,53.2
168,"high",TRUE,53.2
169,"high",TRUE,53.2
170,"high",TRUE,53.2
171,"high",TRUE,53.2
172,"high",TRUE,53.2
173,"high",TRUE,53.2
174,"high",TRUE,53.2
175,"high",TRUE,53.2
176,"high",TRUE,53.2
177,"high",TRUE,53.2
178,"high",TRUE,53.2
179,"low",FALSE,0
180,"high",TRUE,53.2
181,"high",TRUE,53.2
182,"high",TRUE,53.2
183,"high",TRUE,53.2
184,"high",TRUE,53.2
185,"high",TRUE,53.2
186,"high",TRUE,53.2
187,"high",TRUE,53.2
188,"high",TRUE,53.2
189,"high",TRUE,53.2
190,"high",TRUE,53.2
191,"high",TRUE,53.2
192,"high",TRUE,53.2
193,"high",TRUE,53.2
194,"high",TRUE,53.2
195,"high",TRUE,53.2
196,"high",TRUE,53.2
197,"high",TRUE,53.2
198,"high",TRUE,53.2
199,"low",FALSE,0
200,"high",FALSE,0
201,"high",TRUE,53.2
202,"high",TRUE,53.2
203,"high",TRUE,53.2
204,"high",TRUE,53.2
205,"high",TRUE,53.2
206,"high",TRUE,53.2
207,"low",FALSE,0
208,"high",TRUE,53.2
209,"high",TRUE,53.2
210,"high",TRUE,53.2
211,"high",TRUE,53.2
212,"high",TRUE,53.2
213,"high",TRUE,53.2
214,"high",TRUE,53.2
215,"high",TRUE,53.2
216,"high",FALSE,0
217,"high",TRUE,53.2
218,"low",FALSE,0
219,"high",TRUE,53.2
220,"high",TRUE,53.2
221,"high",TRUE,53.2
222,"high",TRUE,53.2
223,"high",TRUE,53.2
224,"high",TRUE,53.2
225,"high",TRUE,53.2
226,"high",TRUE,53.2
227,"high",TRUE,53.2
228,"high",TRUE,53.2
229,"high",TRUE,53.2
230,"high",TRUE,53.2
231,"high",TRUE,53.2
232,"high",TRUE,53.2
233,"high",TRUE,53.2
234,"high",TRUE,53.2
235,"high",TRUE,53.2
236,"high",TRUE,53.2
237,"high",TRUE,53.2
238,"high",TRUE,53.2
239,"low",FALSE,0
240,"high",TRUE,53.2
241,"high",TRUE,53.2
242,"high",TRUE,53.2
243,"high",TRUE,53.2
244,"high",TRUE,53.2
245,"high",TRUE,53.2
246,"high",TRUE,53.2
247,"high",TRUE,53.2
248,"high",TRUE,53.2
249,"high",TRUE,53.2
250,"high",TRUE,53.2
251,"high",TRUE,53.2
252,"high",TRUE,53.2
253,"high",TRUE,53.2
254,"high",TRUE,53.2
255,"high",TRUE,53.2
256,"high",TRUE,53.2
257,"high",TRUE,53.2
258,"high",TRUE,53.2
259,"high",TRUE,53.2
260,"high",TRUE,53.2
261,"low",FALSE,0
262,"high",TRUE,53.2
263,"high",FALSE,0
264,"high",TRUE,53.2
265,"high",TRUE,53.2
266,"high",TRUE,53.2
267,"high",TRUE,53.2
268,"high",TRUE,53.2
269,"high",TRUE,53.2
270,"low",FALSE,0
271,"high",TRUE,53.2
272,"high",FALSE,0
273,"high",TRUE,53.2
274,"high",TRUE,53.2
275,"high",TRUE,53.2
276,"high",FALSE,0
277,"high",TRUE,53.2
278,"low",FALSE,0
279,"high",TRUE,53.2
280,"high",TRUE,53.2
281,"low",FALSE,0
282,"high",TRUE,53.2
283,"high",TRUE,53.2
284,"high",TRUE,53.2
285,"high",TRUE,53.2
286,"high",TRUE,53.2
287,"high",TRUE,53.2
288,"high",TRUE,53.2
289,"high",TRUE,53.2
290,"high",TRUE,53.2
291,"high",TRUE,53.2
292,"high",TRUE,53.2
293,"high",TRUE,53.2
294,"high",TRUE,53.2
295,"high",TRUE,53.2
296,"high",TRUE,53.2
297,"high",TRUE,53.2
298,"high",FALSE,0
299,"high",TRUE,53.2
300,"high",TRUE,53.2
301,"high",TRUE,53.2
302,"high",TRUE,53.2
303,"high",TRUE,53.2
304,"high",TRUE,53.2
305,"high",TRUE,53.2
306,"high",TRUE,53.2
307,"high",FALSE,0
308,"high",TRUE,53.2
309,"high",TRUE,53.2
310,"high",TRUE,53.2
311,"high",TRUE,53.2
312,"high",TRUE,53.2
313,"high",TRUE,53.2
314,"high",TRUE,53.2
315,"high",TRUE,53.2
316,"high",TRUE,53.2
317,"high",TRUE,53.2
318,"high",TRUE,53.2
319,"high",TRUE,53.2
320,"high",TRUE,53.2
321,"high",TRUE,53.2
322,"low",FALSE,0
323,"high",TRUE,53.2
324,"high",TRUE,53.2
325,"low",FALSE,0
326,"high",TRUE,53.2
327,"high",TRUE,53.2
328,"low",TRUE,15.4
329,"high",TRUE,53.2
330,"high",TRUE,53.2
331,"high",TRUE,53.2
332,"high",TRUE,53.2
333,"high",TRUE,53.2
334,"low",TRUE,15.4
335,"high",TRUE,53.2
336,"high",TRUE,53.2
337,"high",TRUE,53.2
338,"high",TRUE,53.2
339,"high",TRUE,53.2
340,"high",TRUE,53.2
341,"high",TRUE,53.2
342,"high",TRUE,53.2
343,"high",TRUE,53.2
344,"high",TRUE,53.2
345,"high",TRUE,53.2
346,"high",TRUE,53.2
347,"high",TRUE,53.2
348,"high",TRUE,53.2
349,"high",TRUE,53.2
350,"high",FALSE,0
351,"high",TRUE,53.2
352,"high",TRUE,53.2
353,"high",TRUE,53.2
354,"high",TRUE,53.2
355,"high",TRUE,53.2
356,"low",FALSE,0
357,"high",TRUE,53.2
358,"high",TRUE,53.2
359,"high",TRUE,53.2
360,"high",TRUE,53.2
361,"high",TRUE,53.2
362,"high",TRUE,53.2
363,"high",TRUE,53.2
364,"high",TRUE,53.2
365,"high",TRUE,53.2
366,"high",TRUE,53.2
367,"high",TRUE,53.2
368,"high",TRUE,53.2
369,"high",TRUE,53.2
370,"high",TRUE,53.2
371,"high",TRUE,53.2
372,"high",TRUE,53.2
373,"high",TRUE,53.2
374,"high",TRUE,53.2
375,"high",TRUE,53.2
376,"low",FALSE,0
377,"high",TRUE,53.2
378,"high",TRUE,53.2
379,"high",TRUE,53.2
380,"high",TRUE,53.2
381,"high",TRUE,53.2
382,"high",TRUE,53.2
383,"high",TRUE,53.2
384,"high",TRUE,53.2
385,"high",TRUE,53.2
386,"high",TRUE,53.2
387,"high",TRUE,53.2
388,"high",FALSE,0
389,"high",TRUE,53.2
390,"high",TRUE,53.2
391,"high",TRUE,53.2
392,"high",TRUE,53.2
393,"high",TRUE,53.2
394,"high",TRUE,53.2
395,"high",TRUE,53.2
396,"high",TRUE,53.2
397,"high",TRUE,53.2
398,"high",TRUE,53.2
399,"low",TRUE,15.4
400,"high",TRUE,53.2
401,"high",TRUE,53.2
402,"high",TRUE,53.2
403,"low",FALSE,0
404,"high",TRUE,53.2
405,"high",TRUE,53.2
406,"high",TRUE,53.2
407,"high",TRUE,53.2
408,"high",FALSE,0
409,"high",TRUE,53.2
410,"high",TRUE,53.2
411,"high",FALSE,0
412,"high",TRUE,53.2
413,"high",TRUE,53.2
414,"low",FALSE,0
415,"high",FALSE,0
416,"high",FALSE,0
417,"high",TRUE,53.2
418,"high",TRUE,53.2
419,"high",TRUE,53.2
420,"high",TRUE,53.2
421,"high",TRUE,53.2
422,"high",TRUE,53.2
423,"high",TRUE,53.2
424,"high",FALSE,0
425,"high",TRUE,53.2
426,"high",TRUE,53.2
427,"low",TRUE,15.4
428,"high",TRUE,53.2
429,"high",TRUE,53.2
430,"low",FALSE,0
431,"high",TRUE,53.2
432,"high",TRUE,53.2
433,"high",TRUE,53.2
434,"high",TRUE,53.2
435,"high",TRUE,53.2
436,"high",TRUE,53.2
437,"low",TRUE,15.4
438,"high",TRUE,53.2
439,"high",TRUE,53.2
440,"high",FALSE,0
441,"low",FALSE,0
442,"high",TRUE,53.2
443,"high",TRUE,53.2
444,"high",TRUE,53.2
445,"high",TRUE,53.2
446,"high",TRUE,53.2
447,"high",TRUE,53.2
448,"high",TRUE,53.2
449,"high",TRUE,53.2
450,"high",FALSE,0
451,"high",TRUE,53.2
452,"high",TRUE,53.2
453,"high",TRUE,53.2
454,"high",TRUE,53.2
455,"high",TRUE,53.2
456,"high",TRUE,53.2
457,"high",TRUE,53.2
458,"high",TRUE,53.2
459,"high",TRUE,53.2
460,"high",TRUE,53.2
461,"high",TRUE,53.2
462,"high",TRUE,53.2
463,"high",TRUE,53.2
464,"high",TRUE,53.2
465,"high",TRUE,53.2
466,"high",TRUE,53.2
467,"high",TRUE,53.2
468,"high",TRUE,53.2
469,"high",TRUE,53.2
470,"high",TRUE,53.2
471,"high",TRUE,53.2
472,"high",FALSE,0
473,"high",TRUE,53.2
474,"low",FALSE,0
475,"high",TRUE,53.2
476,"high",TRUE,53.2
477,"high",TRUE,53.2
478,"high",TRUE,53.2
479,"high",TRUE,53.2
480,"high",TRUE,53.2
481,"high",FALSE,0
482,"high",TRUE,53.2
483,"high",TRUE,53.2
484,"high",TRUE,53.2
485,"high",TRUE,53.2
486,"high",TRUE,53.2
487,"high",TRUE,53.2
488,"high",TRUE,53.2
489,"high",TRUE,53.2
490,"high",TRUE,53.2
491,"high",TRUE,53.2
492,"high",TRUE,53.2
493,"high",TRUE,53.2
494,"high",TRUE,53.2
495,"high",TRUE,53.2
496,"high",TRUE,53.2
497,"high",TRUE,53.2
498,"high",TRUE,53.2
499,"high",TRUE,53.2
500,"high",TRUE,53.2
501,"high",TRUE,53.2
502,"high",TRUE,53.2
503,"high",TRUE,53.2
504,"high",TRUE,53.2
505,"high",TRUE,53.2
506,"high",TRUE,53.2
507,"high",TRUE,53.2
508,"high",TRUE,53.2
509,"high",TRUE,53.2
510,"high",TRUE,53.2
511,"high",TRUE,53.2
512,"high",TRUE,53.2
513,"high",TRUE,53.2
514,"high",FALSE,0
515,"high",TRUE,53.2
516,"high",TRUE,53.2
517,"high",TRUE,53.2
518,"high",TRUE,53.2
519,"high",TRUE,53.2
520,"low",FALSE,0
521,"high",TRUE,53.2
522,"high",TRUE,53.2
523,"high",TRUE,53.2
524,"high",TRUE,53.2
525,"high",TRUE,53.2
526,"high",TRUE,53.2
527,"high",TRUE,53.2
528,"high",TRUE,53.2
529,"high",TRUE,53.2
530,"high",TRUE,53.2
531,"high",TRUE,53.2
532,"high",TRUE,53.2
533,"high",TRUE,53.2
534,"high",TRUE,53.2
535,"high",TRUE,53.2
536,"high",TRUE,53.2
537,"high",TRUE,53.2
538,"high",TRUE,53.2
539,"high",FALSE,0
540,"high",FALSE,0
541,"high",TRUE,53.2
542,"high",TRUE,53.2
543,"high",TRUE,53.2
544,"high",TRUE,53.2
545,"high",TRUE,53.2
546,"low",FALSE,0
547,"high",TRUE,53.2
548,"high",TRUE,53.2
549,"high",TRUE,53.2
550,"high",TRUE,53.2
551,"high",TRUE,53.2
552,"high",TRUE,53.2
553,"low",FALSE,0
554,"high",TRUE,53.2
555,"high",TRUE,53.2
556,"high",TRUE,53.2
557,"low",FALSE,0
558,"high",TRUE,53.2
559,"high",TRUE,53.2
560,"high",FALSE,0
561,"high",TRUE,53.2
562,"high",TRUE,53.2
563,"high",TRUE,53.2
564,"high",TRUE,53.2
565,"high",TRUE,53.2
566,"high",TRUE,53.2
567,"high",TRUE,53.2
568,"high",TRUE,53.2
569,"high",TRUE,53.2
570,"high",TRUE,53.2
571,"low",FALSE,0
572,"high",TRUE,53.2
573,"high",TRUE,53.2
574,"high",TRUE,53.2
575,"high",TRUE,53.2
576,"high",TRUE,53.2
577,"high",TRUE,53.2
578,"high",TRUE,53.2
579,"high",TRUE,53.2
580,"low",FALSE,0
581,"high",TRUE,53.2
582,"high",TRUE,53.2
583,"high",TRUE,53.2
584,"high",TRUE,53.2
585,"high",TRUE,53.2
586,"high",TRUE,53.2
587,"high",TRUE,53.2
588,"high",TRUE,53.2
589,"high",TRUE,53.2
590,"high",FALSE,0
591,"high",TRUE,53.2
592,"high",TRUE,53.2
593,"high",TRUE,53.2
594,"high",TRUE,53.2
595,"high",TRUE,53.2
596,"high",TRUE,53.2
597,"high",TRUE,53.2
598,"high",TRUE,53.2
599,"high",TRUE,53.2
600,"high",TRUE,53.2
601,"high",TRUE,53.2
602,"high",TRUE,53.2
603,"high",TRUE,53.2
604,"high",TRUE,53.2
605,"high",TRUE,53.2
606,"high",TRUE,53.2
607,"high",TRUE,53.2
608,"high",TRUE,53.2
609,"high",TRUE,53.2
610,"high",TRUE,53.2
611,"high",TRUE,53.2
612,"high",TRUE,53.2
613,"high",TRUE,53.2
614,"high",TRUE,53.2
615,"high",TRUE,53.2
616,"high",TRUE,53.2
617,"high",TRUE,53.2
618,"high",TRUE,53.2
619,"high",TRUE,53.2
620,"high",TRUE,53.2
621,"high",TRUE,53.2
622,"low",TRUE,15.4
623,"high",TRUE,53.2
624,"high",TRUE,53.2
625,"high",TRUE,53.2
626,"low",TRUE,15.4
627,"high",TRUE,53.2
628,"high",TRUE,53.2
629,"high",FALSE,0
630,"high",TRUE,53.2
631,"high",TRUE,53.2
632,"high",TRUE,53.2
633,"high",TRUE,53.2
634,"high",TRUE,53.2
635,"high",TRUE,53.2
636,"high",TRUE,53.2
637,"high",TRUE,53.2
638,"high",TRUE,53.2
639,"high",TRUE,53.2
640,"high",TRUE,53.2
641,"high",TRUE,53.2
642,"high",TRUE,53.2
643,"high",TRUE,53.2
644,"high",TRUE,53.2
645,"low",FALSE,0
646,"high",TRUE,53.2
647,"low",FALSE,0
648,"high",TRUE,53.2
649,"high",TRUE,53.2
650,"high",TRUE,53.2
651,"high",TRUE,53.2
652,"high",TRUE,53.2
653,"high",TRUE,53.2
654,"high",TRUE,53.2
655,"high",TRUE,53.2
656,"high",TRUE,53.2
657,"high",TRUE,53.2
658,"high",TRUE,53.2
659,"high",TRUE,53.2
660,"high",TRUE,53.2
661,"high",TRUE,53.2
662,"high",FALSE,0
663,"high",TRUE,53.2
664,"high",TRUE,53.2
665,"high",TRUE,53.2
666,"high",TRUE,53.2
667,"high",TRUE,53.2
668,"high",TRUE,53.2
669,"high",TRUE,53.2
670,"high",TRUE,53.2
671,"high",TRUE,53.2
672,"high",TRUE,53.2
673,"high",FALSE,0
674,"high",TRUE,53.2
675,"high",TRUE,53.2
676,"high",TRUE,53.2
677,"high",TRUE,53.2
678,"high",TRUE,53.2
679,"high",TRUE,53.2
680,"high",TRUE,53.2
681,"high",TRUE,53.2
682,"high",TRUE,53.2
683,"high",TRUE,53.2
684,"high",TRUE,53.2
685,"high",TRUE,53.2
686,"high",TRUE,53.2
687,"high",TRUE,53.2
688,"high",TRUE,53.2
689,"high",TRUE,53.2
690,"high",TRUE,53.2
691,"high",TRUE,53.2
692,"high",TRUE,53.2
693,"high",TRUE,53.2
694,"high",TRUE,53.2
695,"high",TRUE,53.2
696,"high",TRUE,53.2
697,"high",TRUE,53.2
698,"high",TRUE,53.2
699,"high",FALSE,0
700,"high",TRUE,53.2
701,"high",TRUE,53.2
702,"high",TRUE,53.2
703,"high",TRUE,53.2
704,"low",FALSE,0
705,"high",TRUE,53.2
706,"high",TRUE,53.2
707,"high",TRUE,53.2
708,"high",TRUE,53.2
709,"high",TRUE,53.2
710,"high",TRUE,53.2
711,"high",TRUE,53.2
712,"high",TRUE,53.2
713,"high",TRUE,53.2
714,"high",TRUE,53.2
715,"high",TRUE,53.2
716,"low",FALSE,0
717,"high",TRUE,53.2
718,"high",TRUE,53.2
719,"high",TRUE,53.2
720,"high",TRUE,53.2
721,"high",TRUE,53.2
722,"high",TRUE,53.2
723,"high",TRUE,53.2
724,"high",FALSE,0
725,"high",FALSE,0
726,"high",TRUE,53.2
727,"high",TRUE,53.2
728,"high",TRUE,53.2
729,"high",TRUE,53.2
730,"high",TRUE,53.2
731,"low",FALSE,0
732,"high",TRUE,53.2
733,"high",TRUE,53.2
734,"high",TRUE,53.2
735,"high",TRUE,53.2
736,"high",TRUE,53.2
737,"high",TRUE,53.2
738,"high",TRUE,53.2
739,"high",TRUE,53.2
740,"high",TRUE,53.2
741,"high",TRUE,53.2
742,"high",TRUE,53.2
743,"high",TRUE,53.2
744,"high",TRUE,53.2
745,"high",TRUE,53.2
746,"high",TRUE,53.2
747,"high",TRUE,53.2
748,"high",TRUE,53.2
749,"high",TRUE,53.2
750,"high",TRUE,53.2
751,"high",TRUE,53.2
752,"high",TRUE,53.2
753,"high",TRUE,53.2
754,"high",TRUE,53.2
755,"high",TRUE,53.2
756,"high",TRUE,53.2
757,"high",TRUE,53.2
758,"high",TRUE,53.2
759,"high",TRUE,53.2
760,"high",TRUE,53.2
761,"high",TRUE,53.2
762,"high",TRUE,53.2
763,"high",TRUE,53.2
764,"high",TRUE,53.2
765,"high",TRUE,53.2
766,"high",TRUE,53.2
767,"high",TRUE,53.2
768,"low",FALSE,0
769,"high",TRUE,53.2
770,"high",TRUE,53.2
771,"high",TRUE,53.2
772,"high",TRUE,53.2
773,"high",TRUE,53.2
774,"high",TRUE,53.2
775,"low",FALSE,0
776,"high",TRUE,53.2
777,"high",TRUE,53.2
778,"high",TRUE,53.2
779,"high",FALSE,0
780,"high",TRUE,53.2
781,"high",TRUE,53.2
782,"high",TRUE,53.2
783,"high",TRUE,53.2
784,"high",TRUE,53.2
785,"high",TRUE,53.2
786,"high",TRUE,53.2
787,"high",TRUE,53.2
788,"high",TRUE,53.2
789,"high",TRUE,53.2
790,"high",TRUE,53.2
791,"high",TRUE,53.2
792,"high",TRUE,53.2
793,"high",TRUE,53.2
794,"high",TRUE,53.2
795,"low",FALSE,0
796,"high",TRUE,53.2
797,"high",TRUE,53.2
798,"high",TRUE,53.2
799,"high",TRUE,53.2
800,"high",TRUE,53.2
801,"high",TRUE,53.2
802,"high",TRUE,53.2
803,"high",TRUE,53.2
804,"high",TRUE,53.2
805,"high",TRUE,53.2
806,"high",TRUE,53.2
807,"high",TRUE,53.2
808,"high",TRUE,53.2
809,"high",TRUE,53.2
810,"high",TRUE,53.2
811,"high",TRUE,53.2
812,"high",TRUE,53.2
813,"high",TRUE,53.2
814,"high",TRUE,53.2
815,"high",TRUE,53.2
816,"high",TRUE,53.2
817,"high",TRUE,53.2
818,"high",TRUE,53.2
819,"high",TRUE,53.2
820,"high",TRUE,53.2
821,"high",TRUE,53.2
822,"high",TRUE,53.2
823,"high",TRUE,53.2
824,"high",TRUE,53.2
825,"high",TRUE,53.2
826,"high",TRUE,53.2
827,"high",TRUE,53.2
828,"high",TRUE,53.2
829,"high",TRUE,53.2
830,"high",TRUE,53.2
831,"high",TRUE,53.2
832,"high",TRUE,53.2
833,"high",TRUE,53.2
834,"low",TRUE,15.4
835,"high",TRUE,53.2
836,"high",TRUE,53.2
837,"high",TRUE,53.2
838,"high",TRUE,53.2
839,"high",TRUE,53.2
840,"high",FALSE,0
841,"high",TRUE,53.2
842,"high",TRUE,53.2
843,"high",TRUE,53.2
844,"high",TRUE,53.2
845,"high",TRUE,53.2
846,"high",TRUE,53.2
847,"high",TRUE,53.2
848,"high",TRUE,53.2
849,"high",TRUE,53.2
850,"high",TRUE,53.2
851,"high",TRUE,53.2
852,"high",TRUE,53.2
853,"high",TRUE,53.2
854,"high",TRUE,53.2
855,"high",TRUE,53.2
856,"high",TRUE,53.2
857,"low",FALSE,0
858,"high",TRUE,53.2
859,"high",TRUE,53.2
860,"high",TRUE,53.2
861,"high",TRUE,53.2
862,"high",TRUE,53.2
863,"high",TRUE,53.2
864,"high",TRUE,53.2
865,"high",TRUE,53.2
866,"low",FALSE,0
867,"high",TRUE,53.2
868,"high",TRUE,53.2
869,"high",TRUE,53.2
870,"high",TRUE,53.2
871,"high",TRUE,53.2
872,"high",TRUE,53.2
873,"high",TRUE,53.2
874,"high",TRUE,53.2
875,"high",TRUE,53.2
876,"high",TRUE,53.2
877,"high",TRUE,53.2
878,"high",TRUE,53.2
879,"high",TRUE,53.2
880,"high",TRUE,53.2
881,"high",TRUE,53.2
882,"high",TRUE,53.2
883,"high",TRUE,53.2
884,"high",FALSE,0
885,"high",TRUE,53.2
886,"high",TRUE,53.2
887,"high",TRUE,53.2
888,"high",TRUE,53.2
889,"high",TRUE,53.2
890,"high",TRUE,53.2
891,"high",TRUE,53.2
892,"high",TRUE,53.2
893,"high",TRUE,53.2
894,"high",TRUE,53.2
895,"high",TRUE,53.2
896,"high",TRUE,53.2
897,"high",TRUE,53.2
898,"high",TRUE,53.2
899,"high",TRUE,53.2
900,"high",TRUE,53.2
901,"high",TRUE,53.2
902,"high",TRUE,53.2
903,"high",TRUE,53.2
904,"high",TRUE,53.2
905,"high",TRUE,53.2
906,"high",TRUE,53.2
907,"high",TRUE,53.2
908,"high",TRUE,53.2
909,"high",TRUE,53.2
910,"high",TRUE,53.2
911,"high",TRUE,53.2
912,"high",TRUE,53.2
913,"high",TRUE,53.2
914,"low",FALSE,0
915,"high",TRUE,53.2
916,"high",TRUE,53.2
917,"low",TRUE,15.4
918,"high",TRUE,53.2
919,"high",TRUE,53.2
920,"high",TRUE,53.2
921,"high",TRUE,53.2
922,"high",TRUE,53.2
923,"high",TRUE,53.2
924,"high",TRUE,53.2
925,"high",TRUE,53.2
926,"high",TRUE,53.2
927,"high",TRUE,53.2
928,"low",FALSE,0
929,"high",TRUE,53.2
930,"high",TRUE,53.2
931,"high",TRUE,53.2
932,"high",TRUE,53.2
933,"high",TRUE,53.2
934,"low",FALSE,0
935,"high",TRUE,53.2
936,"high",TRUE,53.2
937,"high",TRUE,53.2
938,"high",TRUE,53.2
939,"high",TRUE,53.2
940,"high",TRUE,53.2
941,"high",TRUE,53.2
942,"high",TRUE,53.2
943,"high",TRUE,53.2
944,"high",TRUE,53.2
945,"high",TRUE,53.2
946,"high",TRUE,53.2
947,"high",TRUE,53.2
948,"high",TRUE,53.2
949,"high",TRUE,53.2
950,"high",TRUE,53.2
951,"high",TRUE,53.2
952,"low",FALSE,0
953,"high",TRUE,53.2
954,"high",TRUE,53.2
955,"high",TRUE,53.2
956,"high",TRUE,53.2
957,"high",TRUE,53.2
958,"low",FALSE,0
959,"high",TRUE,53.2
960,"high",TRUE,53.2
961,"high",TRUE,53.2
962,"high",TRUE,53.2
963,"high",TRUE,53.2
964,"low",TRUE,15.4
965,"high",TRUE,53.2
966,"high",TRUE,53.2
967,"high",TRUE,53.2
968,"high",TRUE,53.2
969,"high",TRUE,53.2
970,"high",TRUE,53.2
971,"high",TRUE,53.2
972,"low",FALSE,0
973,"high",TRUE,53.2
974,"high",TRUE,53.2
975,"high",TRUE,53.2
976,"high",TRUE,53.2
977,"high",TRUE,53.2
978,"high",TRUE,53.2
979,"low",FALSE,0
980,"high",FALSE,0
981,"high",TRUE,53.2
982,"high",TRUE,53.2
983,"high",TRUE,53.2
984,"high",TRUE,53.2
985,"high",TRUE,53.2
986,"high",TRUE,53.2
987,"high",TRUE,53.2
988,"high",TRUE,53.2
989,"high",TRUE,53.2
990,"high",FALSE,0
991,"high",TRUE,53.2
992,"high",TRUE,53.2
993,"high",TRUE,53.2
994,"high",TRUE,53.2
995,"high",TRUE,53.2
996,"high",TRUE,53.2
997,"high",TRUE,53.2
998,"high",TRUE,53.2
999,"high",TRUE,53.2
1000,"high",TRUE,53.2
1001,"high",TRUE,53.2
1002,"high",TRUE,53.2
1003,"high",TRUE,53.2
1004,"high",TRUE,53.2
1005,"high",TRUE,53.2
1006,"high",TRUE,53.2
1007,"high",TRUE,53.2
1008,"low",FALSE,0
1009,"high",TRUE,53.2
1010,"low",TRUE,15.4
1011,"high",TRUE,53.2
1012,"high",TRUE,53.2
1013,"high",TRUE,53.2
1014,"high",TRUE,53.2
1015,"high",TRUE,53.2
1016,"high",TRUE,53.2
1017,"high",TRUE,53.2
1018,"high",TRUE,53.2
1019,"high",TRUE,53.2
1020,"high",TRUE,53.2
1021,"high",TRUE,53.2
1022,"high",TRUE,53.2
1023,"high",TRUE,53.2
1024,"high",TRUE,53.2
1025,"high",TRUE,53.2
1026,"high",TRUE,53.2
1027,"high",TRUE,53.2
1028,"high",TRUE,53.2
1029,"high",TRUE,53.2
1030,"high",TRUE,53.2
1031,"high",TRUE,53.2
1032,"high",TRUE,53.2
1033,"high",TRUE,53.2
1034,"high",FALSE,0
1035,"high",TRUE,53.2
1036,"high",TRUE,53.2
1037,"high",TRUE,53.2
1038,"high",TRUE,53.2
1039,"high",TRUE,53.2
1040,"high",TRUE,53.2
1041,"high",TRUE,53.2
1042,"high",TRUE,53.2
1043,"high",TRUE,53.2
1044,"high",TRUE,53.2
1045,"high",TRUE,53.2
1046,"high",TRUE,53.2
1047,"high",TRUE,53.2
1048,"high",TRUE,53.2
1049,"high",TRUE,53.2
1050,"high",TRUE,53.2
1051,"high",TRUE,53.2
1052,"high",TRUE,53.2
1053,"high",TRUE,53.2
1054,"high",TRUE,53.2
1055,"high",TRUE,53.2
1056,"high",TRUE,53.2
1057,"high",TRUE,53.2
1058,"high",TRUE,53.2
1059,"high",TRUE,53.2
1060,"high",TRUE,53.2
1061,"high",TRUE,53.2
1062,"high",TRUE,53.2
1063,"high",FALSE,0
1064,"high",TRUE,53.2
1065,"high",TRUE,53.2
1066,"high",TRUE,53.2
1067,"high",TRUE,53.2
1068,"high",TRUE,53.2
1069,"high",TRUE,53.2
1070,"high",FALSE,0
1071,"high",TRUE,53.2
1072,"high",TRUE,53.2
1073,"high",TRUE,53.2
1074,"high",TRUE,53.2
1075,"high",TRUE,53.2
1076,"high",TRUE,53.2
1077,"high",TRUE,53.2
1078,"high",TRUE,53.2
1079,"high",TRUE,53.2
1080,"high",TRUE,53.2
1081,"high",TRUE,53.2
1082,"high",TRUE,53.2
1083,"high",TRUE,53.2
1084,"high",TRUE,53.2
1085,"high",TRUE,53.2
1086,"high",TRUE,53.2
1087,"high",TRUE,53.2
1088,"high",TRUE,53.2
1089,"low",FALSE,0
1090,"high",TRUE,53.2
1091,"high",TRUE,53.2
1092,"high",TRUE,53.2
1093,"high",TRUE,53.2
1094,"high",TRUE,53.2
1095,"high",TRUE,53.2
1096,"high",TRUE,53.2
1097,"high",TRUE,53.2
1098,"high",TRUE,53.2
1099,"high",TRUE,53.2
1100,"high",TRUE,53.2
1101,"high",TRUE,53.2
1102,"high",TRUE,53.2
1103,"high",TRUE,53.2
1104,"high",TRUE,53.2
1105,"high",TRUE,53.2
1106,"high",TRUE,53.2
1107,"high",TRUE,53.2
1108,"high",TRUE,53.2
1109,"high",TRUE,53.2
1110,"high",TRUE,53.2
1111,"high",TRUE,53.2
1112,"high",TRUE,53.2
1113,"high",TRUE,53.2
1114,"low",FALSE,0
1115,"high",TRUE,53.2
1116,"high",TRUE,53.2
1117,"high",TRUE,53.2
1118,"low",FALSE,0
1119,"high",TRUE,53.2
1120,"high",TRUE,53.2
1121,"high",TRUE,53.2
1122,"high",TRUE,53.2
1123,"high",TRUE,53.2
1124,"high",TRUE,53.2
1125,"high",TRUE,53.2
1126,"high",TRUE,53.2
1127,"high",TRUE,53.2
1128,"high",TRUE,53.2
1129,"high",TRUE,53.2
1130,"high",TRUE,53.2
1131,"high",TRUE,53.2
1132,"high",TRUE,53.2
1133,"high",TRUE,53.2
1134,"high",TRUE,53.2
1135,"high",TRUE,53.2
1136,"high",TRUE,53.2
1137,"high",TRUE,53.2
1138,"high",TRUE,53.2
1139,"high",TRUE,53.2
1140,"high",TRUE,53.2
1141,"high",TRUE,53.2
1142,"high",TRUE,53.2
1143,"high",TRUE,53.2
1144,"low",FALSE,0
1145,"high",TRUE,53.2
1146,"high",TRUE,53.2
1147,"high",TRUE,53.2
1148,"high",TRUE,53.2
1149,"high",FALSE,0
1150,"high",TRUE,53.2
1151,"high",TRUE,53.2
1152,"high",TRUE,53.2
1153,"high",TRUE,53.2
1154,"high",TRUE,53.2
1155,"high",TRUE,53.2
1156,"high",TRUE,53.2
1157,"high",TRUE,53.2
1158,"high",TRUE,53.2
1159,"high",FALSE,0
1160,"high",TRUE,53.2
1161,"high",TRUE,53.2
1162,"high",TRUE,53.2
1163,"high",TRUE,53.2
1164,"high",TRUE,53.2
1165,"high",TRUE,53.2
1166,"high",TRUE,53.2
1167,"high",TRUE,53.2
1168,"high",TRUE,53.2
1169,"high",TRUE,53.2
1170,"high",TRUE,53.2
1171,"high",TRUE,53.2
1172,"high",TRUE,53.2
1173,"high",TRUE,53.2
1174,"high",TRUE,53.2
1175,"high",TRUE,53.2
1176,"high",TRUE,53.2
1177,"high",TRUE,53.2
1178,"high",TRUE,53.2
1179,"high",TRUE,53.2
1180,"high",TRUE,53.2
1181,"high",TRUE,53.2
1182,"high",TRUE,53.2
1183,"high",TRUE,53.2
1184,"high",FALSE,0
1185,"high",TRUE,53.2
1186,"high",TRUE,53.2
1187,"high",TRUE,53.2
1188,"low",FALSE,0
1189,"high",TRUE,53.2
1190,"high",TRUE,53.2
1191,"high",TRUE,53.2
1192,"high",TRUE,53.2
1193,"high",TRUE,53.2
1194,"high",TRUE,53.2
1195,"high",TRUE,53.2
1196,"high",TRUE,53.2
1197,"high",TRUE,53.2
1198,"high",TRUE,53.2
1199,"high",TRUE,53.2
1200,"high",TRUE,53.2
1201,"high",TRUE,53.2
1202,"high",TRUE,53.2
1203,"high",TRUE,53.2
1204,"high",TRUE,53.2
1205,"high",TRUE,53.2
1206,"high",TRUE,53.2
1207,"high",TRUE,53.2
1208,"high",TRUE,53.2
1209,"high",TRUE,53.2
1210,"high",TRUE,53.2
1211,"high",TRUE,53.2
1212,"high",TRUE,53.2
1213,"high",TRUE,53.2
1214,"high",TRUE,53.2
1215,"high",TRUE,53.2
1216,"high",TRUE,53.2
1217,"high",TRUE,53.2
1218,"high",TRUE,53.2
1219,"high",TRUE,53.2
1220,"high",TRUE,53.2
1221,"high",TRUE,53.2
1222,"high",TRUE,53.2
1223,"high",TRUE,53.2
1224,"high",TRUE,53.2
1225,"high",TRUE,53.2
1226,"high",TRUE,53.2
1227,"high",TRUE,53.2
1228,"high",TRUE,53.2
1229,"high",TRUE,53.2
1230,"high",TRUE,53.2
1231,"high",TRUE,53.2
1232,"high",TRUE,53.2
1233,"high",TRUE,53.2
1234,"high",TRUE,53.2
1235,"high",TRUE,53.2
1236,"high",TRUE,53.2
1237,"high",TRUE,53.2
1238,"high",TRUE,53.2
1239,"high",TRUE,53.2
1240,"high",TRUE,53.2
1241,"high",TRUE,53.2
1242,"high",TRUE,53.2
1243,"high",TRUE,53.2
1244,"high",TRUE,53.2
1245,"high",TRUE,53.2
1246,"high",TRUE,53.2
1247,"high",FALSE,0
1248,"high",TRUE,53.2
1249,"high",TRUE,53.2
1250,"high",TRUE,53.2
1251,"high",TRUE,53.2
1252,"high",TRUE,53.2
1253,"high",TRUE,53.2
1254,"high",TRUE,53.2
1255,"high",TRUE,53.2
1256,"high",TRUE,53.2
1257,"high",TRUE,53.2
1258,"high",TRUE,53.2
1259,"high",TRUE,53.2
1260,"high",TRUE,53.2
1261,"high",TRUE,53.2
1262,"high",TRUE,53.2
1263,"high",TRUE,53.2
1264,"high",TRUE,53.2
1265,"high",TRUE,53.2
1266,"high",TRUE,53.2
1267,"high",TRUE,53.2
1268,"high",TRUE,53.2
1269,"high",TRUE,53.2
1270,"high",TRUE,53.2
1271,"high",FALSE,0
1272,"high",TRUE,53.2
1273,"high",TRUE,53.2
1274,"high",TRUE,53.2
1275,"high",FALSE,0
1276,"high",TRUE,53.2
1277,"high",TRUE,53.2
1278,"low",FALSE,0
1279,"high",TRUE,53.2
1280,"high",TRUE,53.2
1281,"high",TRUE,53.2
1282,"high",TRUE,53.2
1283,"high",TRUE,53.2
1284,"high",TRUE,53.2
1285,"high",TRUE,53.2
1286,"high",TRUE,53.2
1287,"high",TRUE,53.2
1288,"high",TRUE,53.2
1289,"high",TRUE,53.2
1290,"high",TRUE,53.2
1291,"high",TRUE,53.2
1292,"high",TRUE,53.2
1293,"high",TRUE,53.2
1294,"high",TRUE,53.2
1295,"low",FALSE,0
1296,"high",TRUE,53.2
1297,"high",TRUE,53.2
1298,"high",TRUE,53.2
1299,"high",TRUE,53.2
1300,"high",TRUE,53.2
1301,"high",TRUE,53.2
1302,"high",TRUE,53.2
1303,"high",TRUE,53.2
1304,"high",TRUE,53.2
1305,"high",TRUE,53.2
1306,"high",TRUE,53.2
1307,"high",TRUE,53.2
1308,"high",TRUE,53.2
1309,"high",TRUE,53.2
1310,"high",TRUE,53.2
1311,"high",TRUE,53.2
1312,"high",TRUE,53.2
1313,"high",TRUE,53.2
1314,"high",TRUE,53.2
1315,"high",TRUE,53.2
1316,"high",TRUE,53.2
1317,"high",TRUE,53.2
1318,"high",TRUE,53.2
1319,"high",TRUE,53.2
1320,"high",TRUE,53.2
1321,"high",TRUE,53.2
1322,"high",TRUE,53.2
1323,"high",TRUE,53.2
1324,"high",TRUE,53.2
1325,"high",TRUE,53.2
1326,"high",TRUE,53.2
1327,"high",TRUE,53.2
1328,"high",TRUE,53.2
1329,"high",TRUE,53.2
1330,"high",FALSE,0
1331,"high",TRUE,53.2
1332,"high",TRUE,53.2
1333,"high",TRUE,53.2
1334,"high",TRUE,53.2
1335,"high",TRUE,53.2
1336,"low",FALSE,0
1337,"high",TRUE,53.2
1338,"high",TRUE,53.2
1339,"high",TRUE,53.2
1340,"high",TRUE,53.2
1341,"high",TRUE,53.2
1342,"high",TRUE,53.2
1343,"high",TRUE,53.2
1344,"high",TRUE,53.2
1345,"high",TRUE,53.2
1346,"high",TRUE,53.2
1347,"high",TRUE,53.2
1348,"high",TRUE,53.2
1349,"high",TRUE,53.2
1350,"low",FALSE,0
1351,"high",TRUE,53.2
1352,"high",TRUE,53.2
1353,"high",TRUE,53.2
1354,"high",FALSE,0
1355,"high",TRUE,53.2
1356,"high",TRUE,53.2
1357,"high",TRUE,53.2
1358,"high",TRUE,53.2
1359,"high",TRUE,53.2
1360,"high",TRUE,53.2
1361,"high",TRUE,53.2
1362,"high",TRUE,53.2
1363,"high",TRUE,53.2
1364,"low",FALSE,0
1365,"high",TRUE,53.2
1366,"high",TRUE,53.2
1367,"high",TRUE,53.2
1368,"high",TRUE,53.2
1369,"high",TRUE,53.2
1370,"high",TRUE,53.2
1371,"high",TRUE,53.2
1372,"high",TRUE,53.2
1373,"high",TRUE,53.2
1374,"high",TRUE,53.2
1375,"high",TRUE,53.2
1376,"high",TRUE,53.2
1377,"high",TRUE,53.2
1378,"high",TRUE,53.2
1379,"high",TRUE,53.2
1380,"high",TRUE,53.2
1381,"high",TRUE,53.2
1382,"high",TRUE,53.2
1383,"high",TRUE,53.2
1384,"high",TRUE,53.2
1385,"high",TRUE,53.2
1386,"high",FALSE,0
1387,"high",TRUE,53.2
1388,"high",TRUE,53.2
1389,"high",TRUE,53.2
1390,"high",TRUE,53.2
1391,"high",TRUE,53.2
1392,"high",TRUE,53.2
1393,"high",TRUE,53.2
1394,"high",TRUE,53.2
1395,"high",TRUE,53.2
1396,"high",TRUE,53.2
1397,"high",TRUE,53.2
1398,"high",FALSE,0
1399,"high",TRUE,53.2
1400,"high",TRUE,53.2
1401,"high",TRUE,53.2
1402,"high",TRUE,53.2
1403,"high",TRUE,53.2
1404,"high",TRUE,53.2
1405,"high",TRUE,53.2
1406,"high",TRUE,53.2
1407,"high",TRUE,53.2
1408,"low",FALSE,0
1409,"high",TRUE,53.2
1410,"low",FALSE,0
1411,"high",TRUE,53.2
1412,"high",TRUE,53.2
1413,"high",TRUE,53.2
1414,"high",TRUE,53.2
1415,"high",TRUE,53.2
1416,"high",TRUE,53.2
1417,"high",TRUE,53.2
1418,"high",TRUE,53.2
1419,"high",TRUE,53.2
1420,"low",FALSE,0
1421,"high",TRUE,53.2
1422,"high",FALSE,0
1423,"high",TRUE,53.2
1424,"high",TRUE,53.2
1425,"low",FALSE,0
1426,"high",TRUE,53.2
1427,"high",TRUE,53.2
1428,"high",TRUE,53.2
1429,"high",FALSE,0
1430,"high",TRUE,53.2
1431,"high",TRUE,53.2
1432,"high",TRUE,53.2
1433,"low",FALSE,0
1434,"high",TRUE,53.2
1435,"high",TRUE,53.2
1436,"high",TRUE,53.2
1437,"high",TRUE,53.2
1438,"high",TRUE,53.2
1439,"high",TRUE,53.2
1440,"high",TRUE,53.2
1441,"high",TRUE,53.2
1442,"high",TRUE,53.2
1443,"high",TRUE,53.2
1444,"high",TRUE,53.2
1445,"high",TRUE,53.2
1446,"low",TRUE,15.4
1447,"high",TRUE,53.2
1448,"high",TRUE,53.2
1449,"high",TRUE,53.2
1450,"low",FALSE,0
1451,"high",TRUE,53.2
1452,"high",TRUE,53.2
1453,"high",TRUE,53.2
1454,"high",TRUE,53.2
1455,"high",FALSE,0
1456,"high",TRUE,53.2
1457,"high",TRUE,53.2
1458,"high",TRUE,53.2
1459,"high",TRUE,53.2
1460,"high",TRUE,53.2
1461,"high",TRUE,53.2
1462,"high",TRUE,53.2
1463,"high",TRUE,53.2
1464,"high",TRUE,53.2
1465,"high",TRUE,53.2
1466,"high",TRUE,53.2
1467,"high",TRUE,53.2
1468,"high",TRUE,53.2
1469,"high",TRUE,53.2
1470,"high",TRUE,53.2
1471,"high",TRUE,53.2
1472,"high",TRUE,53.2
1473,"low",FALSE,0
1474,"high",TRUE,53.2
1475,"high",TRUE,53.2
1476,"high",FALSE,0
1477,"high",TRUE,53.2
1478,"high",TRUE,53.2
1479,"high",TRUE,53.2
1480,"high",TRUE,53.2
1481,"high",TRUE,53.2
1482,"high",TRUE,53.2
1483,"high",TRUE,53.2
1484,"high",TRUE,53.2
1485,"high",TRUE,53.2
1486,"high",TRUE,53.2
1487,"high",TRUE,53.2
1488,"high",TRUE,53.2
1489,"high",TRUE,53.2
1490,"high",TRUE,53.2
1491,"high",TRUE,53.2
1492,"high",TRUE,53.2
1493,"high",TRUE,53.2
1494,"high",TRUE,53.2
1495,"high",TRUE,53.2
1496,"high",FALSE,0
1497,"high",TRUE,53.2
1498,"high",TRUE,53.2
1499,"high",TRUE,53.2
1500,"high",TRUE,53.2
1501,"high",TRUE,53.2
1502,"high",FALSE,0
1503,"high",TRUE,53.2
1504,"high",TRUE,53.2
1505,"high",TRUE,53.2
1506,"high",TRUE,53.2
1507,"high",FALSE,0
1508,"high",TRUE,53.2
1509,"high",TRUE,53.2
1510,"high",TRUE,53.2
1511,"high",TRUE,53.2
1512,"high",TRUE,53.2
1513,"high",FALSE,0
1514,"high",TRUE,53.2
1515,"high",TRUE,53.2
1516,"high",TRUE,53.2
1517,"high",TRUE,53.2
1518,"high",TRUE,53.2
1519,"high",TRUE,53.2
1520,"high",TRUE,53.2
1521,"high",TRUE,53.2
1522,"high",TRUE,53.2
1523,"high",TRUE,53.2
1524,"low",FALSE,0
1525,"high",TRUE,53.2
1526,"high",TRUE,53.2
1527,"high",TRUE,53.2
1528,"high",TRUE,53.2
1529,"high",TRUE,53.2
1530,"high",TRUE,53.2
1531,"high",TRUE,53.2
1532,"high",TRUE,53.2
1533,"high",TRUE,53.2
1534,"high",TRUE,53.2
1535,"high",TRUE,53.2
1536,"high",TRUE,53.2
1537,"high",TRUE,53.2
1538,"high",FALSE,0
1539,"high",TRUE,53.2
1540,"high",TRUE,53.2
1541,"high",TRUE,53.2
1542,"high",TRUE,53.2
1543,"high",TRUE,53.2
1544,"high",TRUE,53.2
1545,"low",FALSE,0
1546,"high",TRUE,53.2
1547,"high",TRUE,53.2
1548,"high",TRUE,53.2
1549,"high",TRUE,53.2
1550,"high",TRUE,53.2
1551,"high",TRUE,53.2
1552,"high",TRUE,53.2
1553,"high",FALSE,0
1554,"high",TRUE,53.2
1555,"high",TRUE,53.2
1556,"high",FALSE,0
1557,"high",TRUE,53.2
1558,"high",TRUE,53.2
1559,"high",TRUE,53.2
1560,"high",TRUE,53.2
1561,"high",TRUE,53.2
1562,"high",TRUE,53.2
1563,"high",TRUE,53.2
1564,"high",TRUE,53.2
1565,"high",FALSE,0
1566,"high",TRUE,53.2
1567,"high",TRUE,53.2
1568,"high",TRUE,53.2
1569,"high",TRUE,53.2
1570,"high",TRUE,53.2
1571,"high",TRUE,53.2
1572,"high",TRUE,53.2
1573,"high",TRUE,53.2
1574,"high",TRUE,53.2
1575,"high",TRUE,53.2
1576,"high",TRUE,53.2
1577,"high",TRUE,53.2
1578,"high",TRUE,53.2
1579,"high",TRUE,53.2
1580,"high",TRUE,53.2
1581,"high",TRUE,53.2
1582,"high",TRUE,53.2
1583,"high",TRUE,53.2
1584,"high",TRUE,53.2
1585,"high",TRUE,53.2
1586,"high",TRUE,53.2
1587,"high",TRUE,53.2
1588,"high",FALSE,0
1589,"high",TRUE,53.2
1590,"high",TRUE,53.2
1591,"high",TRUE,53.2
1592,"high",TRUE,53.2
1593,"high",TRUE,53.2
1594,"high",TRUE,53.2
1595,"high",TRUE,53.2
1596,"high",TRUE,53.2
1597,"high",TRUE,53.2
1598,"high",TRUE,53.2
1599,"high",TRUE,53.2
1600,"high",TRUE,53.2
1601,"high",TRUE,53.2
1602,"low",FALSE,0
1603,"high",TRUE,53.2
1604,"high",TRUE,53.2
1605,"high",TRUE,53.2
1606,"high",TRUE,53.2
1607,"high",TRUE,53.2
1608,"high",FALSE,0
1609,"high",TRUE,53.2
1610,"high",TRUE,53.2
1611,"high",TRUE,53.2
1612,"high",TRUE,53.2
1613,"high",TRUE,53.2
1614,"high",FALSE,0
1615,"high",TRUE,53.2
1616,"high",TRUE,53.2
1617,"high",TRUE,53.2
1618,"high",TRUE,53.2
1619,"high",TRUE,53.2
1620,"high",TRUE,53.2
1621,"high",TRUE,53.2
1622,"high",TRUE,53.2
1623,"high",TRUE,53.2
1624,"high",TRUE,53.2
1625,"high",TRUE,53.2
1626,"low",FALSE,0
1627,"high",TRUE,53.2
1628,"high",TRUE,53.2
1629,"high",TRUE,53.2
1630,"high",TRUE,53.2
1631,"high",TRUE,53.2
1632,"high",TRUE,53.2
1633,"high",TRUE,53.2
1634,"high",TRUE,53.2
1635,"high",TRUE,53.2
1636,"high",TRUE,53.2
1637,"high",TRUE,53.2
1638,"high",TRUE,53.2
1639,"high",TRUE,53.2
1640,"high",TRUE,53.2
1641,"high",TRUE,53.2
1642,"high",TRUE,53.2
1643,"high",TRUE,53.2
1644,"high",TRUE,53.2
1645,"high",TRUE,53.2
1646,"high",TRUE,53.2
1647,"high",TRUE,53.2
1648,"high",TRUE,53.2
1649,"high",TRUE,53.2
1650,"high",TRUE,53.2
1651,"low",FALSE,0
1652,"high",TRUE,53.2
1653,"high",TRUE,53.2
1654,"high",TRUE,53.2
1655,"high",TRUE,53.2
1656,"high",FALSE,0
1657,"high",TRUE,53.2
1658,"high",TRUE,53.2
1659,"high",TRUE,53.2
1660,"high",TRUE,53.2
1661,"high",TRUE,53.2
1662,"low",TRUE,15.4
1663,"high",TRUE,53.2
1664,"high",TRUE,53.2
1665,"high",TRUE,53.2
1666,"high",TRUE,53.2
1667,"high",TRUE,53.2
1668,"high",TRUE,53.2
1669,"high",TRUE,53.2
1670,"high",TRUE,53.2
1671,"high",TRUE,53.2
1672,"high",TRUE,53.2
1673,"high",TRUE,53.2
1674,"high",TRUE,53.2
1675,"high",TRUE,53.2
1676,"high",TRUE,53.2
1677,"high",TRUE,53.2
1678,"high",TRUE,53.2
1679,"high",TRUE,53.2
1680,"high",TRUE,53.2
1681,"high",TRUE,53.2
1682,"high",TRUE,53.2
1683,"high",TRUE,53.2
1684,"high",TRUE,53.2
1685,"high",TRUE,53.2
1686,"high",TRUE,53.2
1687,"high",TRUE,53.2
1688,"high",TRUE,53.2
1689,"high",TRUE,53.2
1690,"high",TRUE,53.2
1691,"high",TRUE,53.2
1692,"high",TRUE,53.2
1693,"high",TRUE,53.2
1694,"high",TRUE,53.2
1695,"high",TRUE,53.2
1696,"high",TRUE,53.2
1697,"high",TRUE,53.2
1698,"high",TRUE,53.2
1699,"high",FALSE,0
1700,"high",TRUE,53.2
1701,"high",TRUE,53.2
1702,"high",TRUE,53.2
1703,"high",TRUE,53.2
1704,"high",TRUE,53.2
1705,"high",TRUE,53.2
1706,"high",TRUE,53.2
1707,"high",TRUE,53.2
1708,"high",TRUE,53.2
1709,"high",TRUE,53.2
1710,"high",TRUE,53.2
1711,"high",TRUE,53.2
1712,"high",TRUE,53.2
1713,"high",TRUE,53.2
1714,"high",TRUE,53.2
1715,"high",TRUE,53.2
1716,"high",TRUE,53.2
1717,"high",TRUE,53.2
1718,"high",TRUE,53.2
1719,"high",TRUE,53.2
1720,"high",TRUE,53.2
1721,"high",TRUE,53.2
1722,"high",TRUE,53.2
1723,"high",TRUE,53.2
1724,"high",TRUE,53.2
1725,"high",FALSE,0
1726,"high",TRUE,53.2
1727,"high",TRUE,53.2
1728,"high",TRUE,53.2
1729,"high",TRUE,53.2
1730,"high",TRUE,53.2
1731,"high",TRUE,53.2
1732,"high",TRUE,53.2
1733,"high",TRUE,53.2
1734,"high",TRUE,53.2
1735,"high",TRUE,53.2
1736,"high",TRUE,53.2
1737,"high",TRUE,53.2
1738,"high",TRUE,53.2
1739,"low",FALSE,0
1740,"high",TRUE,53.2
1741,"high",TRUE,53.2
1742,"high",TRUE,53.2
1743,"high",TRUE,53.2
1744,"high",TRUE,53.2
1745,"high",TRUE,53.2
1746,"high",TRUE,53.2
1747,"high",TRUE,53.2
1748,"high",TRUE,53.2
1749,"high",TRUE,53.2
1750,"high",TRUE,53.2
1751,"high",TRUE,53.2
1752,"high",TRUE,53.2
1753,"high",TRUE,53.2
1754,"high",TRUE,53.2
1755,"high",TRUE,53.2
1756,"high",TRUE,53.2
1757,"high",TRUE,53.2
1758,"high",TRUE,53.2
1759,"high",TRUE,53.2
1760,"high",TRUE,53.2
1761,"high",TRUE,53.2
1762,"high",TRUE,53.2
1763,"high",TRUE,53.2
1764,"high",TRUE,53.2
1765,"high",TRUE,53.2
1766,"high",TRUE,53.2
1767,"high",TRUE,53.2
1768,"high",TRUE,53.2
1769,"high",TRUE,53.2
1770,"high",TRUE,53.2
1771,"high",TRUE,53.2
1772,"high",TRUE,53.2
1773,"high",TRUE,53.2
1774,"high",TRUE,53.2
1775,"high",TRUE,53.2
1776,"high",TRUE,53.2
1777,"high",TRUE,53.2
1778,"high",TRUE,53.2
1779,"high",TRUE,53.2
1780,"high",TRUE,53.2
1781,"high",TRUE,53.2
1782,"high",TRUE,53.2
1783,"high",TRUE,53.2
1784,"high",TRUE,53.2
1785,"high",TRUE,53.2
1786,"high",TRUE,53.2
1787,"high",TRUE,53.2
1788,"high",TRUE,53.2
1789,"high",FALSE,0
1790,"high",TRUE,53.2
1791,"high",FALSE,0
1792,"high",TRUE,53.2
1793,"high",TRUE,53.2
1794,"high",TRUE,53.2
1795,"high",TRUE,53.2
1796,"high",TRUE,53.2
1797,"high",TRUE,53.2
1798,"high",TRUE,53.2
1799,"high",FALSE,0
1800,"high",TRUE,53.2
1801,"high",TRUE,53.2
1802,"low",FALSE,0
1803,"high",TRUE,53.2
1804,"high",TRUE,53.2
1805,"high",TRUE,53.2
1806,"high",TRUE,53.2
1807,"high",TRUE,53.2
1808,"high",TRUE,53.2
1809,"high",TRUE,53.2
1810,"high",TRUE,53.2
1811,"high",TRUE,53.2
1812,"high",TRUE,53.2
1813,"high",TRUE,53.2
1814,"high",TRUE,53.2
1815,"high",FALSE,0
1816,"high",TRUE,53.2
1817,"high",FALSE,0
1818,"high",TRUE,53.2
1819,"high",TRUE,53.2
1820,"high",TRUE,53.2
1821,"high",TRUE,53.2
1822,"high",TRUE,53.2
1823,"high",TRUE,53.2
1824,"high",TRUE,53.2
1825,"high",TRUE,53.2
1826,"high",TRUE,53.2
1827,"high",TRUE,53.2
1828,"high",TRUE,53.2
1829,"high",TRUE,53.2
1830,"high",TRUE,53.2
1831,"high",TRUE,53.2
1832,"high",TRUE,53.2
1833,"high",TRUE,53.2
1834,"high",TRUE,53.2
1835,"high",TRUE,53.2
1836,"high",TRUE,53.2
1837,"high",TRUE,53.2
1838,"high",TRUE,53.2
1839,"high",TRUE,53.2
1840,"high",TRUE,53.2
1841,"high",FALSE,0
1842,"high",TRUE,53.2
1843,"high",TRUE,53.2
1844,"high",TRUE,53.2
1845,"high",TRUE,53.2
1846,"high",TRUE,53.2
1847,"high",TRUE,53.2
1848,"high",TRUE,53.2
1849,"high",TRUE,53.2
1850,"high",TRUE,53.2
1851,"low",FALSE,0
1852,"high",TRUE,53.2
1853,"high",TRUE,53.2
1854,"high",TRUE,53.2
1855,"low",TRUE,15.4
1856,"high",TRUE,53.2
1857,"high",TRUE,53.2
1858,"high",TRUE,53.2
1859,"high",TRUE,53.2
1860,"high",TRUE,53.2
1861,"high",TRUE,53.2
1862,"high",TRUE,53.2
1863,"high",TRUE,53.2
1864,"high",TRUE,53.2
1865,"high",TRUE,53.2
1866,"high",TRUE,53.2
1867,"high",FALSE,0
1868,"low",FALSE,0
1869,"high",TRUE,53.2
1870,"high",TRUE,53.2
1871,"high",TRUE,53.2
1872,"high",TRUE,53.2
1873,"high",TRUE,53.2
1874,"high",TRUE,53.2
1875,"high",TRUE,53.2
1876,"high",TRUE,53.2
1877,"high",TRUE,53.2
1878,"high",TRUE,53.2
1879,"high",TRUE,53.2
1880,"high",TRUE,53.2
1881,"high",TRUE,53.2
1882,"high",TRUE,53.2
1883,"high",TRUE,53.2
1884,"high",TRUE,53.2
1885,"high",TRUE,53.2
1886,"high",TRUE,53.2
1887,"high",TRUE,53.2
1888,"high",TRUE,53.2
1889,"high",TRUE,53.2
1890,"high",TRUE,53.2
1891,"high",TRUE,53.2
1892,"high",TRUE,53.2
1893,"high",TRUE,53.2
1894,"high",TRUE,53.2
1895,"high",TRUE,53.2
1896,"high",TRUE,53.2
1897,"high",TRUE,53.2
1898,"high",FALSE,0
1899,"high",TRUE,53.2
1900,"high",TRUE,53.2
1901,"high",TRUE,53.2
1902,"high",TRUE,53.2
1903,"high",TRUE,53.2
1904,"high",TRUE,53.2
1905,"high",TRUE,53.2
1906,"high",TRUE,53.2
1907,"high",TRUE,53.2
1908,"high",TRUE,53.2
1909,"high",TRUE,53.2
1910,"high",TRUE,53.2
1911,"high",TRUE,53.2
1912,"high",TRUE,53.2
1913,"low",FALSE,0
1914,"high",TRUE,53.2
1915,"high",TRUE,53.2
1916,"high",TRUE,53.2
1917,"high",FALSE,0
1918,"high",TRUE,53.2
1919,"high",TRUE,53.2
1920,"high",TRUE,53.2
1921,"high",TRUE,53.2
1922,"high",TRUE,53.2
1923,"high",TRUE,53.2
1924,"high",TRUE,53.2
1925,"high",TRUE,53.2
1926,"high",TRUE,53.2
1927,"high",FALSE,0
1928,"high",TRUE,53.2
1929,"high",TRUE,53.2
1930,"high",TRUE,53.2
1931,"high",TRUE,53.2
1932,"high",TRUE,53.2
1933,"high",TRUE,53.2
1934,"high",FALSE,0
1935,"high",TRUE,53.2
1936,"high",TRUE,53.2
1937,"high",TRUE,53.2
1938,"high",TRUE,53.2
1939,"high",TRUE,53.2
1940,"high",TRUE,53.2
1941,"high",TRUE,53.2
1942,"high",TRUE,53.2
1943,"high",TRUE,53.2
1944,"high",FALSE,0
1945,"high",TRUE,53.2
1946,"high",TRUE,53.2
1947,"high",TRUE,53.2
1948,"high",FALSE,0
1949,"high",TRUE,53.2
1950,"high",TRUE,53.2
1951,"high",TRUE,53.2
1952,"high",TRUE,53.2
1953,"high",TRUE,53.2
1954,"high",TRUE,53.2
1955,"high",FALSE,0
1956,"high",TRUE,53.2
1957,"high",TRUE,53.2
1958,"high",TRUE,53.2
1959,"high",TRUE,53.2
1960,"high",TRUE,53.2
1961,"high",TRUE,53.2
1962,"high",TRUE,53.2
1963,"high",TRUE,53.2
1964,"high",TRUE,53.2
1965,"high",TRUE,53.2
1966,"high",TRUE,53.2
1967,"high",TRUE,53.2
1968,"low",TRUE,15.4
1969,"high",TRUE,53.2
1970,"high",FALSE,0
1971,"high",TRUE,53.2
1972,"high",TRUE,53.2
1973,"high",TRUE,53.2
1974,"high",TRUE,53.2
1975,"high",TRUE,53.2
1976,"low",FALSE,0
1977,"low",FALSE,0
1978,"high",TRUE,53.2
1979,"high",TRUE,53.2
1980,"low",FALSE,0
1981,"high",TRUE,53.2
1982,"high",TRUE,53.2
1983,"high",TRUE,53.2
1984,"high",TRUE,53.2
1985,"high",TRUE,53.2
1986,"high",TRUE,53.2
1987,"high",TRUE,53.2
1988,"high",TRUE,53.2
1989,"high",TRUE,53.2
1990,"high",TRUE,53.2
1991,"high",TRUE,53.2
1992,"high",TRUE,53.2
1993,"high",TRUE,53.2
1994,"high",TRUE,53.2
1995,"high",TRUE,53.2
1996,"high",TRUE,53.2
1997,"high",TRUE,53.2
1998,"high",TRUE,53.2
1999,"high",TRUE,53.2
2000,"low",FALSE,0
